quality_label,fixed acidity,volatile acidity,citric acid,residual sugar,chlorides,free sulfur dioxide,total sulfur dioxide,density,pH,sulfates,alcohol,quality
Poor,8.36,0.8845000000000001,0.17099999999999999,2.6350000000000002,0.12250000000000001,11.0,24.9,0.9974640000000001,3.3979999999999997,0.5700000000000001,9.955000000000002,3.0
Good,8.237196179755806,0.5443292208568261,0.2552468818492241,2.511224489795922,0.08903862973760883,16.20991253644315,48.45626822157434,0.9968547594752193,3.313583666908728,0.6450309258816065,10.253194849365869,5.4263848396501455
Excellent,8.84700460829493,0.4055299539170508,0.37649769585253456,2.708755760368665,0.07591244239631333,13.981566820276498,34.88940092165899,0.9960302764976946,3.2888018433179704,0.7434562211981567,11.518049155161288,7.082949308755761
